alfa-romero,gas,convertible
alfa-romero,gas,convertible
alfa-romero,gas,hatchback
audi,gas,sedan
audi,gas,sedan
audi,gas,sedan
audi,gas,sedan
audi,gas,wagon
audi,gas,sedan
audi,gas,hatchback
bmw,gas,sedan
bmw,gas,sedan
bmw,gas,sedan
bmw,gas,sedan
bmw,gas,sedan
bmw,gas,sedan
bmw,gas,sedan
bmw,gas,sedan
chevrolet,gas,hatchback
chevrolet,gas,hatchback
chevrolet,gas,sedan
dodge,gas,hatchback
dodge,gas,hatchback
dodge,gas,hatchback
dodge,gas,hatchback
dodge,gas,sedan
dodge,gas,sedan
dodge,gas,sedan
dodge,gas,wagon
dodge,gas,hatchback
honda,gas,hatchback
honda,gas,hatchback
honda,gas,hatchback
honda,gas,hatchback
honda,gas,hatchback
honda,gas,sedan
honda,gas,wagon
honda,gas,hatchback
honda,gas,hatchback
honda,gas,sedan
honda,gas,sedan
honda,gas,sedan
honda,gas,sedan
isuzu,gas,sedan
isuzu,gas,sedan
isuzu,gas,sedan
isuzu,gas,hatchback
jaguar,gas,sedan
jaguar,gas,sedan
jaguar,gas,sedan
mazda,gas,hatchback
mazda,gas,hatchback
mazda,gas,hatchback
mazda,gas,sedan
mazda,gas,sedan
mazda,gas,hatchback
mazda,gas,hatchback
mazda,gas,hatchback
mazda,gas,hatchback
mazda,gas,hatchback
mazda,gas,sedan
mazda,gas,hatchback
mazda,gas,sedan
mazda,diesel,sedan
mazda,gas,hatchback
mazda,gas,sedan
mazda,diesel,sedan
mercedes-benz,diesel,sedan
mercedes-benz,diesel,wagon
mercedes-benz,diesel,hardtop
mercedes-benz,diesel,sedan
mercedes-benz,gas,sedan
mercedes-benz,gas,convertible
mercedes-benz,gas,sedan
mercedes-benz,gas,hardtop
mercury,gas,hatchback
mitsubishi,gas,hatchback
mitsubishi,gas,hatchback
mitsubishi,gas,hatchback
mitsubishi,gas,hatchback
mitsubishi,gas,hatchback
mitsubishi,gas,hatchback
mitsubishi,gas,hatchback
mitsubishi,gas,hatchback
mitsubishi,gas,hatchback
mitsubishi,gas,sedan
mitsubishi,gas,sedan
mitsubishi,gas,sedan
mitsubishi,gas,sedan
nissan,gas,sedan
nissan,diesel,sedan
nissan,gas,sedan
nissan,gas,sedan
nissan,gas,wagon
nissan,gas,sedan
nissan,gas,hatchback
nissan,gas,sedan
nissan,gas,wagon
nissan,gas,hardtop
nissan,gas,hatchback
nissan,gas,sedan
nissan,gas,sedan
nissan,gas,wagon
nissan,gas,sedan
nissan,gas,hatchback
nissan,gas,hatchback
nissan,gas,hatchback
peugot,gas,sedan
peugot,diesel,sedan
peugot,gas,wagon
peugot,diesel,wagon
peugot,gas,sedan
peugot,diesel,sedan
peugot,gas,wagon
peugot,diesel,wagon
peugot,gas,sedan
peugot,diesel,sedan
peugot,gas,sedan
plymouth,gas,hatchback
plymouth,gas,hatchback
plymouth,gas,hatchback
plymouth,gas,sedan
plymouth,gas,sedan
plymouth,gas,wagon
plymouth,gas,hatchback
porsche,gas,hatchback
porsche,gas,hardtop
porsche,gas,hardtop
porsche,gas,convertible
porsche,gas,hatchback
renault,gas,wagon
renault,gas,hatchback
saab,gas,hatchback
saab,gas,sedan
saab,gas,hatchback
saab,gas,sedan
saab,gas,hatchback
saab,gas,sedan
subaru,gas,hatchback
subaru,gas,hatchback
subaru,gas,hatchback
subaru,gas,sedan
subaru,gas,sedan
subaru,gas,sedan
subaru,gas,sedan
subaru,gas,sedan
subaru,gas,wagon
subaru,gas,wagon
subaru,gas,wagon
subaru,gas,wagon
toyota,gas,hatchback
toyota,gas,hatchback
toyota,gas,hatchback
toyota,gas,wagon
toyota,gas,wagon
toyota,gas,wagon
toyota,gas,sedan
toyota,gas,hatchback
toyota,diesel,sedan
toyota,diesel,hatchback
toyota,gas,sedan
toyota,gas,hatchback
toyota,gas,sedan
toyota,gas,sedan
toyota,gas,hatchback
toyota,gas,sedan
toyota,gas,hatchback
toyota,gas,hardtop
toyota,gas,hardtop
toyota,gas,hatchback
toyota,gas,hardtop
toyota,gas,hatchback
toyota,gas,convertible
toyota,gas,sedan
toyota,diesel,sedan
toyota,gas,hatchback
toyota,gas,sedan
toyota,gas,hatchback
toyota,gas,hatchback
toyota,gas,hatchback
toyota,gas,sedan
toyota,gas,wagon
volkswagen,diesel,sedan
volkswagen,gas,sedan
volkswagen,diesel,sedan
volkswagen,gas,sedan
volkswagen,gas,sedan
volkswagen,diesel,sedan
volkswagen,gas,sedan
volkswagen,gas,convertible
volkswagen,gas,hatchback
volkswagen,gas,sedan
volkswagen,diesel,sedan
volkswagen,gas,wagon
volvo,gas,sedan
volvo,gas,wagon
volvo,gas,sedan
volvo,gas,wagon
volvo,gas,sedan
volvo,gas,wagon
volvo,gas,sedan
volvo,gas,sedan
volvo,gas,sedan
volvo,diesel,sedan
volvo,gas,sedan
